id,longitude,latitude
0,-47.84922953140144,-15.674299650218574
1,-47.65425242159492,-15.601081676403954
2,-47.81289193306229,-15.649246502153456
3,-47.82852779138951,-15.675494643739968
4,-47.64751442115043,-15.603035030070622
5,-47.80275147657847,-15.657109476776832
6,-47.65632462687382,-15.640743605057352
7,-47.85023205101224,-15.670998074842565
8,-47.501888872967676,-15.818878975914837
9,-47.87172804314843,-15.656709764199055
10,-47.82800336599704,-15.640266228343252
11,-47.76863838399085,-15.646821326228629
12,-47.83715790275384,-15.63204295861017
13,-47.796591654302844,-15.650940137086405
14,-47.75596889201893,-15.644631276609772
15,-47.783491369265754,-15.772438653595914
16,-47.837788167532935,-15.668425793168675
17,-47.793149291520436,-15.646805528198636
18,-47.78072039567283,-15.771194328835819
19,-47.79747819413569,-15.652388367516888
20,-47.84457394857443,-15.669158236410093
21,-47.79611600332483,-15.648970060667892
22,-47.8505962095201,-15.634664998141899
23,-47.82070493638716,-15.642682296413565
24,-47.77477558223181,-15.750384721752331
25,-47.82580088051175,-15.673931750152182
26,-47.798195654015515,-15.650911926960287
27,-47.83737469157256,-15.636731586167473
28,-47.7920120486303,-15.759069949958716
29,-47.8244352175725,-15.731617851631885
30,-47.81430395622538,-15.759772660572406
31,-47.84145415182133,-15.64010142846338
32,-47.834827576482745,-15.679886610950787
33,-47.642006420849036,-15.618153350750555
34,-47.83852945265325,-15.64836358659348
35,-47.77472941392451,-15.76816634079596
36,-47.651635915164846,-15.638963355996706
37,-47.797868532088025,-15.649294379837013
38,-47.65524096570677,-15.632245520790645
39,-47.86696887712673,-15.655072851733502
40,-47.748676352735814,-15.663301537383072
41,-47.80292787354729,-15.649513582151268
42,-47.64641413664371,-15.623498220893545
43,-47.80976985534498,-15.64638198714727
44,-47.768572215247815,-15.646168229929538
45,-47.83668362348712,-15.682618298289439
46,-47.849368264906744,-15.63391337702447
47,-47.64970850017958,-15.617063203905179
48,-47.82870717411322,-15.631178922650776
49,-47.6472875571397,-15.629366250465068
50,-47.840909664884606,-15.634084845104693
51,-47.65452790812814,-15.60217674501614
52,-47.7775505789028,-15.765140985560256
53,-47.828791301157366,-15.644224564003153
54,-47.81740673789022,-15.670747852273132
55,-47.79378841155856,-15.655165605888472
56,-47.818281042769726,-15.690203933861612
57,-47.82868680519782,-15.630188139756351
58,-47.857563447810946,-15.653116383968458
59,-47.65157552579858,-15.616220352396798
60,-47.80022538211726,-15.66393493732475
61,-47.8306716988427,-15.64373314397093
62,-47.83691572519623,-15.632216334789177
63,-47.65187686323322,-15.680961546645097
64,-47.84350402611993,-15.63537165660986
65,-47.7772368224331,-15.63975198146872
66,-47.770662915351885,-15.74752387360224
67,-47.81512014394034,-15.768392318081835
68,-47.76409621839015,-15.645847753700343
69,-47.82259848527641,-15.640908907467733
70,-47.835395905700146,-15.728522753874381
71,-47.80296044592711,-15.660831759230517
72,-47.653106394550036,-15.602144140887646
73,-47.6428477323895,-15.610867504690075
74,-47.77774409621991,-15.769254709035398
75,-47.80439954414637,-15.65790635973804
76,-47.84038976155974,-15.662137036536391
77,-47.84279856037733,-15.648469541685726
78,-47.83784182154608,-15.62352234107712
79,-47.82938356289446,-15.643503403380455
80,-47.66269416427981,-15.628414273804946
81,-47.65892412417496,-15.602451973601346
82,-47.81615460636081,-15.751317747507876
83,-47.652975658588744,-15.632427857513724
84,-47.6500672564474,-15.63873004406471
85,-47.8072615703343,-15.641922074659472
86,-47.65241587670787,-15.613657757177165
87,-47.84996746109248,-15.67036294579691
88,-47.66075818037282,-15.630852423684498
89,-47.84237282685863,-15.63265402267589
90,-47.761944911151915,-15.751895630014902
91,-47.801737990507085,-15.66112702870836
92,-47.84817948404274,-15.668667647974091
93,-47.83260728439724,-15.689762784611961
94,-47.84397723091891,-15.645030788873097
95,-47.86800549736626,-15.657055876249276
96,-47.66747428918448,-15.610111164649176
97,-47.82089263487902,-15.666569094743325
98,-47.85105031706188,-15.671166202647617
99,-47.646506190343985,-15.616526413371593
100,-47.79194664939218,-15.652153629728922
101,-47.831551401481065,-15.686526126545818
102,-47.78846925286869,-15.655134083582084
103,-47.655679482945814,-15.681123707138907
104,-47.67233252047771,-15.612700564439976
105,-47.77795523607754,-15.760462100734236
106,-47.846626691765366,-15.671149276160932
107,-47.64643307966889,-15.619909510551722
108,-47.63011843313043,-15.619288194259282
109,-47.831565893907225,-15.650587216394657
110,-47.817064664680174,-15.643965813918118
111,-47.77608885489138,-15.647297105037389
112,-47.84693751883877,-15.63857647611088
113,-47.80228536909619,-15.66030917630944
114,-47.789539532050206,-15.652135882999936
115,-47.789899178908776,-15.657058344312533
116,-47.84308803204694,-15.635449180374861
117,-47.82544930012916,-15.63005030321251
118,-47.860424415992036,-15.653666879506305
119,-47.826009601470055,-15.627336082876251
120,-47.83825098902186,-15.626356691144299
121,-47.64429244753853,-15.601671772295056
122,-47.838408779825855,-15.631498288517083
123,-47.83595585187503,-15.633607351668868
124,-47.827953152145135,-15.687188117127546
125,-47.81011452456528,-15.654954489636795
126,-47.64592592877926,-15.641090761033647
127,-47.6518024612448,-15.605261357335344
128,-47.65490368732224,-15.722422688803356
129,-47.65390229727456,-15.604574363699777
130,-47.64220221173231,-15.618308165983589
131,-47.8007635739524,-15.64002588503391
132,-47.803866337303,-15.652515484824633
133,-47.66000784066871,-15.613901965818563
134,-47.85129662172348,-15.670994602365266
135,-47.83294335815458,-15.68126341744918
136,-47.66176217316137,-15.618961537859112
137,-47.79742569120007,-15.653520278263171
138,-47.83343548046986,-15.657565092948653
139,-47.85027800473955,-15.621351437354681
140,-47.85568349821997,-15.633376143862103
141,-47.853576309614326,-15.669524051404377
142,-47.63017579735563,-15.610432150729833
143,-47.804479345274316,-15.638330021849212
144,-47.83894845001188,-15.66856569050804
145,-47.78150952971046,-15.77015869085591
146,-47.81802497910538,-15.650605520131043
147,-47.801611766461775,-15.651235914682902
148,-47.85954917704171,-15.652163973833407
149,-47.8642883168262,-15.654054460027044
150,-47.80785717301113,-15.647497830036734
151,-47.8309185270337,-15.684242393391807
152,-47.850064313740006,-15.671406499183751
153,-47.77468736735142,-15.755273633310772
154,-47.8383295229166,-15.668640538278787
155,-47.81649583363511,-15.65400882564076
156,-47.763805459281755,-15.744756150542708
157,-47.37627631038819,-16.00339087306965
158,-47.804672081588826,-15.658844853136102
159,-47.818229540802804,-15.668203607961429
160,-47.83521506074681,-15.6879581107549
161,-47.84228672870977,-15.674998726812433
162,-47.65232751374168,-15.61364661639452
163,-47.64375727339783,-15.613638942804808
164,-47.66295484325094,-15.611858611101969
165,-47.83365578785146,-15.680868397778077
166,-47.86021732653833,-15.656397175895123
167,-47.75891421887403,-15.647931933605367
168,-47.81988527292087,-15.667635543057616
169,-47.81182217500374,-15.73887566978967
170,-47.68772007808227,-15.636859095481976
171,-47.82735302411383,-15.689577626723814
172,-47.644164479509385,-15.618042928463842
173,-47.6480110552981,-15.618330988425114
174,-47.82702977586377,-15.674417691888078
175,-47.689326721699466,-15.615755152653763
176,-47.80904495701391,-15.649765729564685
177,-47.810096472413505,-15.663526151652745
178,-47.84124113157267,-15.68147835571631
179,-47.651716505942396,-15.681614911427122
180,-47.83436977450208,-15.629687426572124
181,-47.75507292679927,-15.650057958464117
182,-47.862210441728976,-15.658451111318449
183,-47.778811807551016,-15.749369530952396
184,-47.871536748586806,-15.609807522550781
185,-47.645406061451226,-15.644639866980768
186,-47.69371716886742,-15.612191954038122
187,-47.66389650993196,-15.622038894988883
188,-47.62630532748219,-15.639497195467754
189,-47.65503666349757,-15.605185800285208
190,-47.86691283320976,-15.609071081655188
191,-47.85728821948073,-15.660630284520053
192,-47.84597961813925,-15.703599072201776
193,-47.79266261601751,-15.65651673617857
194,-47.85640874101504,-15.670560564586292
195,-47.64827386850933,-15.638526208670351
196,-47.81618823988159,-15.64270365755697
197,-47.74635961713778,-15.580469953656756
198,-47.83503216235182,-15.681961973354852
199,-47.64446470468635,-15.618682731105794
200,-47.65787229214103,-15.61686439120999
201,-47.84767466582784,-15.576977247113375
202,-47.76101744727939,-15.649029450913062
203,-47.79376952194732,-15.649592035671079
204,-47.645377414173964,-15.61942294635294
205,-47.65768965377084,-15.614729036948875
206,-47.77308590694904,-15.751861584671545
207,-47.833540458658504,-15.641563446106531
208,-47.85405140137586,-15.671131731218257
209,-47.527907589999316,-16.026382493444114
210,-47.86066713583695,-15.653630095954757
211,-47.632821000355364,-15.613037481063543
212,-47.83579940871508,-15.633196972332291
213,-47.8593127460595,-15.686835891315635
214,-47.679559845502226,-15.60057714055249
215,-47.775041072967575,-15.754295130139338
216,-47.84780211727452,-15.63411038563308
217,-47.79754579194449,-15.752728464073721
218,-47.798086041627094,-15.643299042316407
219,-47.67443895236798,-15.59992194186419
220,-47.658782589894464,-15.623721108507898
221,-47.84709654117242,-15.674605843786281
222,-47.68978505711002,-15.612740470146457
223,-47.659379602122996,-15.618244107074853
224,-47.82582129694859,-15.654288358813373
225,-47.648538282593464,-15.640544359560435
226,-47.76243010354661,-15.742926565760127
227,-47.82868559561658,-15.631286689585465
228,-47.7965080468218,-15.656495500238874
229,-47.80443905672617,-15.66298627365776
230,-47.876855682552495,-15.654384139745888
231,-47.64374136908621,-15.612449043610555
232,-47.77224190733472,-15.74849805220097
233,-47.7633910380185,-15.650966038959867
234,-47.38159321947956,-16.03145581862859
235,-47.76389353011116,-15.651298958995325
236,-47.82475977687639,-15.641488379827496
237,-47.63156415957964,-15.645237723489169
238,-47.80925403353371,-15.741297768923358
239,-47.82899553563357,-15.69042854841785
240,-47.770742761500316,-15.64623370156203
241,-47.810336467457,-15.643288384632294
242,-47.83898919282104,-15.63581263809306
243,-47.804549177937865,-15.663628288558048
244,-47.85142558286047,-15.668661202306566
245,-47.85668458375672,-15.662722239067113
246,-47.655307543770746,-15.672425395304954
247,-47.797290217853046,-15.649561936488633
248,-47.80540114121391,-15.653080939560125
249,-47.642383268536946,-15.601700367571743
250,-47.84391419197522,-15.624883866069169
251,-47.37319379934187,-16.008049932985497
252,-47.81006026222924,-15.654383518928213
253,-47.76435054114693,-15.650647017854153
254,-47.85363182795365,-15.664722648071061
255,-47.7791503600574,-15.773302191194867
256,-47.7810421004687,-15.775055321788871
257,-47.64172082533452,-15.62020763368989
258,-47.65583499166529,-15.673484901640077
259,-47.826269256615014,-15.633435407696531
260,-47.65317268084957,-15.67722850813667
261,-47.650199186806276,-15.603319294710772
262,-47.85666396744127,-15.661725281551288
263,-47.86112613127927,-15.6555886124187
264,-47.64508420183125,-15.644548521374787
265,-47.66264818741783,-15.562870095180555
266,-47.84651320891795,-15.669908573403584
267,-47.68628583731683,-15.614001171653427
268,-47.82779984122987,-15.641737139537637
269,-47.65618746118304,-15.632987239812335
270,-47.8406641487662,-15.63594066600337
271,-47.834336767452626,-15.623817831744752
272,-47.852381508851195,-15.66450155389076
273,-47.65325119976698,-15.63185250463534
274,-47.805947860979195,-15.649792878214116
275,-47.65343740029691,-15.601769618299787
276,-47.77813271875219,-15.644098911177528
277,-47.82959140262194,-15.627319261498041
278,-47.69220501824019,-15.609184999586015
279,-47.83818142374059,-15.717620628376864
280,-47.79863673525261,-15.643815109878766
281,-47.78071188207445,-15.7752961090524
282,-47.78952622646751,-15.654344532530951
283,-47.854635829322916,-15.662781809112403
284,-47.77123053260608,-15.647597324518438
285,-47.776822937660064,-15.765736254619265
286,-47.795638990912686,-15.64138997564603
287,-47.518004740345965,-15.571917505547775
288,-47.78926836115603,-15.651152952367605
289,-47.806574531668325,-15.66047938439591
290,-47.63834545655265,-15.64484504885129
291,-47.84952015465443,-15.632936905901822
292,-47.807756168917635,-15.63904547356641
293,-47.79855699995286,-15.657105301078024
294,-47.81900898221391,-15.692394607148788
295,-47.82550987636753,-15.64809874498863
296,-47.80176012628978,-15.64181634886191
297,-47.80642888985027,-15.643827886339105
298,-47.84073961940194,-15.659575873291054
299,-47.85659770745121,-15.670934995450105
300,-47.84750752516539,-15.633264303292474
301,-47.75552295453112,-15.652636408220928
302,-47.649900529711616,-15.619138690124515
303,-47.866240672725326,-15.656017335256708
304,-47.64450542766156,-15.646234938429593
305,-47.66277212918199,-15.63265123507093
306,-47.84613610586017,-15.667941676519149
307,-47.84871220025137,-15.681491115351648
308,-47.82834249805573,-15.630543891883875
309,-47.775679263867445,-15.773077913395376
310,-47.83860821017831,-15.66995338904514
311,-47.79202688340023,-15.656342324209954
312,-47.84204982731024,-15.65338121753312
313,-47.806618705408454,-15.645331141203496
314,-47.65144498646459,-15.632873964028585
315,-47.76746150036913,-15.739537253712315
316,-47.816577155939505,-15.687632783398804
317,-47.81889111284755,-15.66362549537314
318,-47.68906595107335,-15.603440312625027
319,-47.797591240653865,-15.652209348167327
320,-47.762525505341074,-15.742390691547868
321,-47.84676039706902,-15.58577217158688
322,-47.838853450482176,-15.636112794800818
323,-47.81250042480287,-15.709990497267553
324,-47.64229809780301,-15.639197277652023
325,-47.83089993434804,-15.68624060052551
326,-47.806096375410725,-15.653427203395323
327,-47.84751102714862,-15.670951047075107
328,-47.65590624378644,-15.604836148378624
329,-47.64630200727179,-15.619220338015433
330,-47.85796047255992,-15.660678135120971
331,-47.79117569059007,-15.656646948277801
332,-47.82505303998386,-15.64591521299226
333,-47.76261271322356,-15.646173925447203
334,-47.63389793974762,-15.655338069484346
335,-47.80481486414042,-15.646375516206756
336,-47.80429843176478,-15.659233801842301
337,-47.827181193929555,-15.642150951129283
338,-47.794363258376116,-15.650534401752422
339,-47.80135537126121,-15.653435572390968
340,-47.64265443439689,-15.617128863235399
341,-47.776947376313245,-15.647551177862292
342,-47.657971448898216,-15.630514597372668
343,-47.809119785812236,-15.660699671143345
344,-47.64728564381405,-15.63323753543873
345,-47.77675872961574,-15.647974799909948
346,-47.85704108862172,-15.656664361537896
347,-47.64761847841368,-15.67394129383098
348,-47.83235601697805,-15.683080520329066
349,-47.825484561084394,-15.636531625690077
350,-47.87137144313714,-15.65608279030063
351,-47.552848585799765,-15.51559321277092
352,-47.85510285597474,-15.667513843940954
353,-47.652063028195116,-15.601599194527653
354,-47.77328814127495,-15.754613505747303
355,-47.780013123122416,-15.76645423280592
356,-47.84893108490639,-15.665300365703017
357,-47.82659660856586,-15.688788864182143
358,-47.808151288443455,-15.64539069687657
359,-47.83677400920208,-15.678883693405053
360,-47.80783375549538,-15.648029168538999
361,-47.826381234952876,-15.6873683166205
362,-47.8489520867412,-15.66774566996549
363,-47.77773290810136,-15.756082884630043
364,-47.8486200965467,-15.664212806727283
365,-47.60547141943505,-15.623596583058827
366,-47.859605870901945,-15.65668135891471
367,-47.803398248157656,-15.656039632809874
368,-47.77569596645861,-15.754094484693757
369,-47.82849349117169,-15.627856791921783
370,-47.64635162232045,-15.605707960350257
371,-47.776085732151536,-15.77019945079102
372,-47.773747911610414,-15.685819428236925
373,-47.80519840631585,-15.641642086154652
374,-47.65364331223069,-15.677363320755434
375,-47.76897316956687,-15.747756767264512
376,-47.66065788192254,-15.633051866806513
377,-47.82233574700751,-15.642522253354052
378,-47.85100747868063,-15.677985799272603
379,-47.84018312704985,-15.650002079057106
380,-47.69011412151945,-15.599580027907527
381,-47.653421957170714,-15.681625919630324
382,-47.86032308897362,-15.656544718054652
383,-47.6447932915578,-15.638346560466987
384,-47.77996721771355,-15.753103197978502
385,-47.655242208756626,-15.630269282779011
386,-47.77907304524315,-15.775967281958657
387,-47.79726736319317,-15.651334349816153
388,-47.64861563809402,-15.675808305691811
389,-47.830992265351334,-15.632385992022277
390,-47.778929181975265,-15.760567608526701
391,-47.83306088540176,-15.681276210886844
392,-47.80080934546769,-15.655139357592097
393,-47.631445408916385,-15.62651183484683
394,-47.90714804467182,-15.632595683897712
395,-47.62976127984094,-15.613739893067708
396,-47.652857835044145,-15.603077071368547
397,-47.6465280589732,-15.64055206463497
398,-47.79196868870111,-15.657089426517645
399,-47.88598586467687,-15.641316592330558
400,-47.67150003149285,-15.6378681037223
401,-47.79745213557296,-15.652710835039493
402,-47.67735916949474,-15.606266626471859
403,-47.77830109013925,-15.773744243967542
404,-47.82719134298691,-15.68865867240052
405,-47.641012078393594,-15.638314873822964
406,-47.75085127123215,-15.656256010394786
407,-47.66657508634917,-15.61692820083253
408,-47.79008055090156,-15.656488723319795
409,-47.64388238230228,-15.62253516421896
410,-47.83901644584618,-15.636473162434882
411,-47.8478479414553,-15.670133166597266
412,-47.648356537507354,-15.604518911409308
413,-47.78896926235969,-15.788421111914428
414,-47.827386554572634,-15.673440458821194
415,-47.79041894270371,-15.657693901401654
416,-47.409606534775804,-15.744318244234648
417,-47.63269678330602,-15.639048977214795
418,-47.76552590516283,-15.747522848700505
419,-47.78257826553998,-15.765449677419113
420,-47.79790651358857,-15.647423370194964
421,-47.83580804608997,-15.714214882727717
422,-47.76752384226532,-15.747090053005142
423,-47.85503810099697,-15.673259079647428
424,-47.67016339081505,-15.596173222908622
425,-47.82317293049976,-15.68560764786792
426,-47.79359170017206,-15.643964445419835
427,-47.77033560779816,-15.750122644658138
428,-47.6553005257547,-15.62198418431216
429,-47.77589270981757,-15.646264295969086
430,-47.653215176351026,-15.60471739344486
431,-47.829350371943036,-15.675318299220677
432,-47.81532914384165,-15.768733145034222
433,-47.653033648590934,-15.631631150952025
434,-47.804531007429055,-15.664136248523029
435,-47.827888512998285,-15.633025424948366
436,-47.77487836553256,-15.746696220100228
437,-47.68559372635167,-15.61644676719268
438,-47.79068647702452,-15.65252657091295
439,-47.76746841571117,-15.645996352155764
440,-47.63973132095196,-15.619891676103313
441,-47.83114821176322,-15.629838764634483
442,-47.81614054157757,-15.751379226277033
443,-47.7780999443589,-15.751903858925226
444,-47.76036379477224,-15.650831473220581
445,-47.84069671508321,-15.634362298248844
446,-47.827203841691144,-15.639029773124031
447,-47.830113417150294,-15.627817555958185
448,-47.82216662459654,-15.671764014482317
449,-47.68846654098497,-15.612612530556177
450,-47.79334755068861,-15.655664911995233
451,-47.821995847065885,-15.714582655032302
452,-47.83769234723937,-15.663242826726078
453,-47.78998978219593,-15.657090184168833
454,-47.797774875810255,-15.644181151752708
455,-47.81776644743998,-15.687535132126941
456,-47.6345587853602,-15.615024363376445
457,-47.64887293733353,-15.605965871613105
458,-47.826517924917894,-15.674780863631433
459,-47.64863479307219,-15.614065842099397
460,-47.80451067258373,-15.64418672303745
461,-47.844528143594715,-15.653290154969783
462,-47.402834416300344,-15.675415271685166
463,-47.8315249752774,-15.631887849100588
464,-47.782708610503185,-15.771973374603332
465,-47.859714322639135,-15.65273126475847
466,-47.8618424180905,-15.656736807408752
467,-47.77975400778616,-15.764776035799635
468,-47.818621792735215,-15.693875392279216
469,-47.65200365928796,-15.603077123165878
470,-47.37602766412082,-15.71538766313184
471,-47.646083444717114,-15.633283328587403
472,-47.832992972636426,-15.722263393581523
473,-47.83244806211098,-15.72041991334714
474,-47.65981606687306,-15.629020088069637
475,-47.78053116381187,-15.76332018195412
476,-47.68479316502634,-15.599910537863847
477,-47.8532402352585,-15.665370852215078
478,-47.77235852465556,-15.754347505278092
479,-47.65359747026314,-15.61446639588128
480,-47.65682240227724,-15.6264249032985
481,-47.83558245348379,-15.680708907011677
482,-47.80223719873255,-15.657347377026767
483,-47.80577312367701,-15.655304606036424
484,-47.76821582834001,-15.748573559711414
485,-47.778536849478876,-15.648461357958038
486,-47.65659791412857,-15.613198965192337
487,-47.77521096985909,-15.769257553638273
488,-47.779112447784904,-15.760476203765231
489,-47.64524535508812,-15.670611662436922
490,-47.80984327439348,-15.65241325981554
491,-47.85462310800593,-15.667343693866128
492,-47.86716418030717,-15.601892369717012
493,-47.63480641926668,-15.643673505646293
494,-47.833609246634865,-15.685453751003251
495,-47.8687964464391,-15.65599820026708
496,-47.84868436663573,-15.674355683038481
497,-47.83633652724714,-15.647047893551585
498,-47.77465683814205,-15.641028710630975
499,-47.83075177973109,-15.682453886901921
500,-47.65160439261956,-15.600905147358697
501,-47.84832060960288,-15.635170363372874
502,-47.82251056064661,-15.651425144479385
503,-47.63153364223997,-15.767992407308183
504,-47.83554687664498,-15.632299881833477
505,-47.79732438575661,-15.647377296076801
506,-47.775301168290525,-15.756641864269696
507,-47.79057409615376,-15.652066724812274
508,-47.51943470400818,-15.90572800047031
509,-47.763302470692594,-15.651730002613416
510,-47.793049437679606,-15.654421135525132
511,-47.769606812881406,-15.643616846212973
512,-47.648069596534505,-15.629437993072505
513,-47.80437103641571,-15.66155489738053
514,-47.770668853474966,-15.752440156833462
515,-47.689897383706274,-15.61335258353799
516,-47.85398652150963,-15.635641338539159
517,-47.76420952832549,-15.743969024904084
518,-47.656928340116615,-15.618858933162501
519,-47.82907149444142,-15.68788965357269
520,-47.8454839981433,-15.657698549537622
521,-47.84711691441926,-15.675886564279383
522,-47.84959109211887,-15.66195273649537
523,-47.64592711806294,-15.621699622575084
524,-47.82251496697539,-15.689797859787964
525,-47.686133512315656,-15.61603956220554
526,-47.76844921450484,-15.752931683442515
527,-47.783536876853994,-15.654407281945415
528,-47.78438007347587,-15.654645929393121
529,-47.84834114243857,-15.633520527704878
530,-47.82825861083789,-15.643760620544704
531,-47.78337280790866,-15.775540213418532
532,-47.79876499534287,-15.658953041085418
533,-47.82612506923952,-15.647054400886566
534,-47.77705898085967,-15.752954162884636
535,-47.77558369766928,-15.770386131005868
536,-47.87038984932084,-15.601446522803844
537,-47.78247232011632,-15.763361856527967
538,-47.6858391960903,-15.642291390357693
539,-47.64211032707502,-15.632740631445348
540,-47.633093136758525,-15.612675282130803
541,-47.64003225712713,-15.643261305402511
542,-47.83645782104583,-15.660845674155281
543,-47.80065572834374,-15.63942548027254
544,-47.83398716768203,-15.669351799136978
545,-47.78163100560335,-15.772525542152525
546,-47.64591709689141,-15.616358620406027
547,-47.59686245986772,-15.771937121818485
548,-47.64701698963024,-15.605457639807614
549,-47.83641468390409,-15.665833985465602
550,-47.85159344096968,-15.667999602719965
551,-47.68427919222195,-15.613212844385378
552,-47.80281581427809,-15.658757722629485
553,-47.800493522529585,-15.644587251600495
554,-47.85001652010872,-15.665377874984836
555,-47.78132069832427,-15.77066165307878
556,-47.81819839624969,-15.693970292750194
557,-47.84740971182294,-15.664034741087347
558,-47.80067604001765,-15.650268590807984
559,-47.81728868789215,-15.694012291773571
560,-47.77801115630885,-15.781045872973449
561,-47.77563119614386,-15.752417776301694
562,-47.7777441329503,-15.757158957259337
563,-47.79783448209593,-15.639946696521147
564,-47.85847388240112,-15.656805953756484
565,-47.84311431224727,-15.69484292908444
566,-47.77499111984735,-15.769635279214429
567,-47.81353475556735,-15.656341274439722
568,-47.8056505898034,-15.659152440633067
569,-47.6614309357453,-15.618544117218374
570,-47.6485973899792,-15.629202666680975
571,-47.646468821139834,-15.622382953502923
572,-47.8472080659758,-15.636518904164094
573,-47.65454922291842,-15.621384457736156
574,-47.8402713749592,-15.663309311519102
575,-47.79963743465409,-15.655111207461495
576,-47.98798960172608,-15.589861294101038
577,-47.527232420380045,-15.911940043725965
578,-47.80103884661356,-15.657537415612593
579,-47.81951542515836,-15.757837328683612
580,-47.79611392698008,-15.64645781754321
581,-47.65541108688135,-15.655784109634988
582,-47.802501644961474,-15.658114802598826
583,-47.79930804430579,-15.64236911994205
584,-47.79524072416469,-15.643548757662069
585,-47.79545745472309,-15.657898714698902
586,-47.82545053656897,-15.642418858414178
587,-47.76181587568044,-15.752141501403054
588,-47.80391494857625,-15.643359124890111
589,-47.7780679544956,-15.652215172832877
590,-47.8604551021437,-15.653107917602519
591,-47.7566202424968,-15.652137669382908
592,-47.642387550139325,-15.638906747091418
593,-47.854564311958605,-15.694411368384095
594,-47.82341315768395,-15.639883425360841
595,-47.777182375402035,-15.648359351494715
596,-47.77751510536891,-15.648608088198824
597,-47.834556699756824,-15.68712474465856
598,-47.83754134964205,-15.631525039738301
599,-47.64999356729515,-15.600570795545034
600,-47.866626636985714,-15.655880802490136
601,-47.84617585278872,-15.669891766893992
602,-47.78313438534732,-15.765945080906057
603,-47.657854126350365,-15.616447130276288
604,-47.75838019762683,-15.651812869816663
605,-47.80276778360641,-15.658493291315343
606,-47.64109370662015,-15.646931387483264
607,-47.77675323956608,-15.751256463637276
608,-47.760826685689345,-15.649025047593474
609,-47.77879161311268,-15.64299804708266
610,-47.658097279068116,-15.641150060970942
611,-47.8003718113269,-15.644054590061064
612,-47.64624469581846,-15.61324350329812
613,-47.79461875712046,-15.642762757633324
614,-47.79538674987473,-15.659292953755495
615,-47.83813354230376,-15.658275626810683
616,-47.66293563262529,-15.59787422145043
617,-47.67286719479101,-15.608204091257077
618,-47.79063523446057,-15.782911239303775
619,-47.82384148953054,-15.64568653343799
620,-47.778770496172726,-15.773058895631662
621,-47.85763336530996,-15.657269366926073
622,-47.848622581933874,-15.682010284879523
623,-47.80666231804198,-15.644545590705214
624,-47.68798299973526,-15.608529625412883
625,-47.793508503836215,-15.642971360736531
626,-47.798340374452955,-15.644670841134772
627,-47.832872860119366,-15.632818752798274
628,-47.77103373857681,-15.7514604391271
629,-47.837465788445314,-15.68488894606812
630,-47.80223946263846,-15.661178039943303
631,-47.806472187293956,-15.640748467983071
632,-47.84684645382751,-15.669165837318243
633,-47.769125877735824,-15.64330312896022
634,-47.814573795589915,-15.767113084337073
635,-47.81726393897104,-15.620600919089489
636,-47.64606846548908,-15.615506161416986
637,-47.8025020154309,-15.657841263472235
638,-47.66395660179311,-15.654457867207462
639,-47.8187316407395,-15.64349999016944
640,-47.79727991305494,-15.65927610386484
641,-47.65003215308358,-15.644601957617038
642,-47.6706415735114,-15.60695824757983
643,-47.83729368337551,-15.728531400801957
644,-47.66217423704669,-15.621761180474802
645,-47.83169825858474,-15.668147049138433
646,-47.82151126170844,-15.664668394218019
647,-47.75608078726658,-15.651087702655621
648,-47.67836142644456,-15.702526612684844
649,-47.780140686892686,-15.759864989320098
650,-47.83519414028729,-15.632206437087264
651,-47.84327101675267,-15.681096427026699
652,-47.914721307433425,-15.633113357814114
653,-47.649485453118736,-15.62578811307824
654,-47.84865407284475,-15.670946288147407
655,-47.83865721378115,-15.63168830004647
656,-47.82359424433683,-15.648592656635747
657,-47.67831594213884,-15.6169785150406
658,-47.800613220170746,-15.647699959803237
659,-47.76919339468688,-15.645433567375244
660,-47.82700136523102,-15.64338316807117
661,-47.819840431867185,-15.686818793344495
662,-47.84213955297308,-15.672794510117534
663,-47.68917533385395,-15.6139959857019
664,-47.8259965953708,-15.633792323853235
665,-47.77434928524345,-15.646848317684434
666,-47.84866411452866,-15.664180052462791
667,-47.67798869231665,-15.612699479432301
668,-47.83525691007929,-15.634540054204761
669,-47.79877557581957,-15.658347245185551
670,-47.64513787788514,-15.617101333104294
671,-47.84363593777669,-15.667584078979445
672,-47.817582121485465,-15.687249367676912
673,-47.82144412162881,-15.69340526542758
674,-47.84247600024258,-15.660113426022933
675,-47.83236099064181,-15.634765223802027
676,-47.65591402860902,-15.61330817579615
677,-47.76954644898602,-15.74618436714641
678,-47.837082495866504,-15.631926782987927
679,-47.82446544975702,-15.689003527102413
680,-47.86133438097648,-15.656778715802588
681,-47.81717838400811,-15.687459474456352
682,-47.70200182131913,-15.624089129707416
683,-47.80207686633515,-15.643584981239467
684,-47.65902774383996,-15.621424723243562
685,-47.888941092034884,-15.644376050514005
686,-47.83011445847633,-15.68885891282075
687,-47.657533938447514,-15.624880546456394
688,-47.86145371438738,-15.655529432496907
689,-47.835000306405014,-15.669037736503544
690,-47.779410841495796,-15.770786068462332
691,-47.65467045029917,-15.624764871377074
692,-47.65610054771263,-15.616637064398649
693,-47.84307786600542,-15.633032154622471
694,-47.63538069685496,-15.641990168722781
695,-47.65576368481915,-15.619273565351643
696,-47.84794378907734,-15.666264084781014
697,-47.85079819108644,-15.661957223744801
698,-47.82054282293563,-15.693956087727953
699,-47.80657440002909,-15.641007341317822
700,-47.77639701391048,-15.75027455797217
701,-47.64882022992114,-15.601538486000125
702,-47.797343125835425,-15.640551354235853
703,-47.78879350343435,-15.787413447303512
704,-47.85877384191503,-15.653600528261546
705,-47.80423427536764,-15.645121583279852
706,-47.80427965770091,-15.661669996769533
707,-47.77035710329354,-15.74771767465356
708,-47.659673319821536,-15.625819141747753
709,-47.82648759093356,-15.675549514922176
710,-47.86730043020573,-15.694728739039553
711,-47.80427709538247,-15.646922254977206
712,-47.64926887263693,-15.634373609306675
713,-47.65743712660755,-15.605733454759683
714,-47.79920433881863,-15.660954843401607
715,-47.773751761014125,-15.752117845415384
716,-47.645875788007324,-15.618383152507375
717,-47.77944556884573,-15.767722951930892
718,-47.830153309764405,-15.63218724120325
719,-47.820275032643615,-15.648552207622515
720,-47.855861751290156,-15.665324791316438
721,-47.64639995229635,-15.619689467184324
722,-47.776916665120005,-15.763133980049727
723,-47.84609738015928,-15.66988276862862
724,-47.761336363920606,-15.741893737625336
725,-47.677652417053395,-15.60766129204756
726,-47.65552313588281,-15.62376857517906
727,-47.64537794845464,-15.615979151303351
728,-47.84955895304933,-15.670732169063278
729,-47.6569268624913,-15.62090469629137
730,-47.64400542093183,-15.605446568923195
731,-47.664970724215465,-15.624935388882523
732,-47.83971709948669,-15.641679753884784
733,-47.80335186287103,-15.662068211376868
734,-47.67004163935932,-15.608164037358373
735,-47.78276913175107,-15.770298374503204
736,-47.6879705834391,-15.60002254231501
737,-47.763718643840015,-15.750250106193011
738,-47.765565660718146,-15.750325090369673
739,-47.68343641557901,-15.605865325805212
740,-47.67361142405228,-15.605528959728678
741,-47.65971736951291,-15.613663010575715
742,-47.769458295859884,-15.644742192546643
743,-47.79368497608312,-15.642391664812294
744,-47.802869617546634,-15.66127418295577
745,-47.81583191113302,-15.654998117120801
746,-47.85408433259737,-15.663958462793309
747,-47.847414189130745,-15.662625134970003
748,-47.6446071331161,-15.605448922981326
749,-47.688743133236215,-15.601586475200858
750,-47.80818294340356,-15.63638779780556
751,-47.822222291413226,-15.641143133624274
752,-47.828438566519644,-15.674661430217505
753,-47.81390477388925,-15.771446937840206
754,-47.82068645587117,-15.703142954994819
755,-47.64952751681828,-15.613933120216648
756,-47.738186845406986,-15.584719598538983
757,-47.824943097552215,-15.650144211495741
758,-47.6528348405916,-15.681363250912174
759,-47.6459694052212,-15.622438691148355
760,-47.63846416240831,-15.646815107191356
761,-47.919462893879306,-15.637212101023652
762,-47.65928731997641,-15.631087948479047
763,-47.80276636172239,-15.658814570839716
764,-47.83623978469179,-15.682738773141262
765,-47.664361760678084,-15.626424765229496
766,-47.85651817609844,-15.682702126602917
767,-47.826740018614466,-15.645945546101034
768,-47.92188892124676,-15.61352224992935
769,-47.823273349008225,-15.673431169045658
770,-47.72933288098416,-15.650291291923507
771,-47.801069423687395,-15.66054329537842
772,-47.726574258787444,-15.648066743493658
773,-47.64335243665081,-15.622918089068701
774,-47.82104180860267,-15.692464494301117
775,-47.79871497686253,-15.665349864629516
776,-47.857192446389114,-15.654201652041102
777,-47.63808929960935,-15.632015795103703
778,-47.783518169519226,-15.766509025145389
779,-47.65699338663381,-15.604706625745397
780,-47.82169447037859,-15.651305984870538
781,-47.80713666281156,-15.640965103034377
782,-47.63414375590999,-15.618161216941308
783,-47.78066157712751,-15.763375256269171
784,-47.80787762744702,-15.660487500951794
785,-47.79731132011912,-15.647621080633577
786,-47.76630160861578,-15.739634138385796
787,-47.7599738310843,-15.655309600662859
788,-47.86001276429517,-15.653034393867769
789,-47.713947332459895,-15.693081028417495
790,-47.65672316096428,-15.617069253775986
791,-47.805148737433264,-15.662272181125223
792,-47.76913581257123,-15.644075469149575
793,-47.64837364942218,-15.63081305234172
794,-47.78047156217494,-15.768057649310924
795,-47.64564093628803,-15.60262604330371
796,-47.662738372453006,-15.645262685220306
797,-47.63830603438569,-15.61946944769104
798,-47.86402261621273,-15.654238147880012
799,-47.77575905545501,-15.647338515343092
800,-47.79851357612531,-15.650588468276608
801,-47.650072212192086,-15.645352987413938
802,-47.77773979137906,-15.748029543949134
803,-47.822607463884914,-15.649142290971287
804,-47.80128731303506,-15.654685677512624
805,-47.77977638597271,-15.772023289423917
806,-47.777751095301255,-15.760952552026298
807,-47.86187524523538,-15.657352514185972
808,-47.632473277863696,-15.611445416860423
809,-47.79746989030879,-15.645499673401721
810,-47.7794817869789,-15.7714070364886
811,-47.82589675304103,-15.629801991446374
812,-47.796661566621715,-15.653243267322141
813,-47.77454075675609,-15.645158293291598
814,-47.63409917712967,-15.646138570826288
815,-47.80446842179409,-15.64164667013947
816,-47.83682412551838,-15.660988818397263
817,-47.77869771608613,-15.779313478707264
818,-47.81564892882454,-15.733156655694877
819,-47.64785567883128,-15.64212873975149
820,-47.816230551872565,-15.757917391834592
821,-47.76228771231838,-15.653332788072225
822,-47.85326868199389,-15.666701930900144
823,-47.80345191101106,-15.778928353227936
824,-47.66980367600418,-15.607351550808009
825,-47.65577784415578,-15.617038821640294
826,-47.6775040449825,-15.546866351790465
827,-47.76540659307735,-15.743710810948812
828,-47.78063089477565,-15.631148526712302
829,-47.78000487556044,-15.752551749559077
830,-47.77799622903959,-15.646734051748593
831,-47.79200151532965,-15.643598375184272
832,-47.688462367481755,-15.719599551311502
833,-47.67832472956883,-15.632582829013286
834,-47.8298762939604,-15.63350451915012
835,-47.84636089821152,-15.66968791363377
836,-47.80398177971552,-15.657023768803485
837,-47.800796707449024,-15.645193786265255
838,-47.959238752852,-15.60920695156761
839,-47.76723715911846,-15.645321146654094
840,-47.767812601126344,-15.744613570645532
841,-47.7651803941373,-15.747918158547433
842,-47.85083701365413,-15.668411111870377
843,-47.77032085509571,-15.645818456163404
844,-47.84396590893781,-15.65575402491214
845,-47.83318544274689,-15.660306625845054
846,-47.68156164092205,-15.610638294133704
847,-47.64391261827099,-15.622838530210515
848,-47.818182099973995,-15.644054149505095
849,-47.65865704201326,-15.630969685044187
850,-47.657600721733246,-15.616954519596215
851,-47.862771582435734,-15.655212250710282
852,-48.00121281861637,-15.561295274041237
853,-47.83818272129127,-15.665255123341082
854,-47.76414614847298,-15.651084231099274
855,-47.69114370451553,-15.608206004640856
856,-47.63004265527829,-15.617252070581584
857,-47.81920461028135,-15.643160999536338
858,-47.82382164290504,-15.640735019776086
859,-47.79211379305023,-15.652014782059744
860,-47.79781243922336,-15.646263127028487
861,-47.82654205975906,-15.675253842060185
862,-47.65203306510302,-15.761678611286465
863,-47.77322883506104,-15.644292098806494
864,-47.82698322502945,-15.632584120297683
865,-47.861972852789094,-15.656597340769038
866,-47.798078692831105,-15.659202137739817
867,-47.79675162576279,-15.663681898112204
868,-47.76940138266229,-15.649991006697014
869,-47.65856118100901,-15.624170050574495
870,-47.63621861938591,-15.620712616604589
871,-47.77263557764903,-15.749897386552808
872,-47.80165799022796,-15.657274333656694
873,-47.659927461434876,-15.675123271182601
874,-47.927706340897885,-15.613986286412874
875,-47.82871371099991,-15.676210832801802
876,-47.77125016073767,-15.647842426189696
877,-47.644021729166,-15.628821369099146
878,-47.84712349503243,-15.674654243601765
879,-47.657230457727564,-15.624229293653354
880,-47.650299394796555,-15.676250667148414
881,-47.83040785475106,-15.688368435050766
882,-47.63605941971255,-15.635813825520188
883,-47.828654504628105,-15.628236944089556
884,-47.7621571189609,-15.647297880755024
885,-47.77094904945445,-15.753892252849653
886,-47.82890957374239,-15.631876035535294
887,-47.66100996459538,-15.628386924897065
888,-47.837082483867924,-15.656043231703373
889,-47.80132265218446,-15.658421348701246
890,-47.81479691312956,-15.774503921170824
891,-47.78121841785649,-15.749194413062073
892,-47.82361086148953,-15.687997272565172
893,-47.79321703321107,-15.655223959171218
894,-47.64894931142494,-15.613436705567924
895,-47.94939061795772,-15.582965624889672
896,-47.83472733787392,-15.681652773538522
897,-47.886674184383224,-15.641783751592708
898,-47.82460298800728,-15.632850283225952
899,-47.76605010457888,-15.750858180050896
900,-47.77770111510439,-15.647642588829742
901,-47.79793257742743,-15.644960323925451
902,-47.684032081747525,-15.614445840195504
903,-47.64856712792838,-15.615996625052608
904,-47.78317433289305,-15.770166291097366
905,-47.77291365161208,-15.748506099005004
906,-47.66126826810935,-15.630468394964794
907,-47.6515130877665,-15.634259589353851
908,-47.81748890549302,-15.645745234782853
909,-47.8398847570074,-15.63627590260803
910,-47.826483502130564,-15.690288597330714
911,-47.80936419883668,-15.649838849052633
912,-47.63409232721132,-15.640947974125314
913,-47.79339270410971,-15.642227915447394
914,-47.79083782848472,-15.65622354952372
915,-47.81337007075785,-15.656112851060483
916,-47.777930871489176,-15.752326360067997
917,-47.835587735108604,-15.66934870794488
918,-47.80493516458509,-15.649754037005867
919,-47.80956859107558,-15.658385793858244
920,-47.651595153036084,-15.60537840459594
921,-47.819548294246374,-15.647109823364321
922,-47.85763639425285,-15.661120065594215
923,-47.6853318036071,-15.614686246262053
924,-47.8010615731676,-15.647921257556945
925,-47.68834707946018,-15.60496405503036
926,-47.8314237894135,-15.6699538934574
927,-47.82043777731715,-15.648936108575754
928,-47.85034071725743,-15.670213102825816
929,-47.82945986876949,-15.629877251018703
930,-47.79680117767666,-15.659772810791207
931,-47.79903903320347,-15.655894012814347
932,-47.85896543840647,-15.656854409536281
933,-47.87419563980213,-15.65495518412246
934,-47.651655628184336,-15.601119553403446
935,-47.832159027798966,-15.679719835270081
936,-47.84871454259195,-15.637665512860837
937,-47.83660876902892,-15.66174229467674
938,-47.85596748801288,-15.656968924877802
939,-47.84876817590791,-15.63739663645987
940,-47.758088410912144,-15.646924703907564
941,-47.64221949717408,-15.601273216050558
942,-47.8199379883336,-15.690781373240576
943,-47.81263394458265,-15.64730471031063
944,-47.82321853536847,-15.691799544398433
945,-47.78041431666003,-15.765081970759212
946,-47.79249124396367,-15.65640701817294
947,-47.686402910337954,-15.610139728329415
948,-47.82760214332133,-15.688131475038041
949,-47.64482293271458,-15.626101861351382
950,-47.77680037867928,-15.74846002792312
951,-47.79625746147087,-15.649098490158822
952,-47.65402969993051,-15.628450747969213
953,-47.86161267803126,-15.6551244764896
954,-47.833709949069686,-15.629287341489318
955,-47.7929188132285,-15.654763004066854
956,-47.856576840301024,-15.662812750971256
957,-47.846934804552696,-15.666499228437111
958,-47.8096989511081,-15.650751467023497
959,-47.67754124332666,-15.601796282434805
960,-47.76453770956596,-15.740570073423068
961,-47.654885889314095,-15.629729968002291
962,-48.00557051734245,-15.569117751250998
963,-47.77431957914593,-15.643948418639042
964,-47.69257708994082,-15.603698833713551
965,-47.77495236110659,-15.648025364952876
966,-47.76838718258727,-15.646765395961756
967,-47.63881860814834,-15.632673347331774
968,-47.68377228305954,-15.605740170226508
969,-47.78452088121427,-15.6525522677663
970,-47.76458741099186,-15.751639923520425
971,-47.646069432797276,-15.67164474726009
972,-47.826363510354945,-15.644020567817188
973,-47.806604722499955,-15.64030910229917
974,-47.80698337572509,-15.641246954299515
975,-47.64933116302665,-15.627993862269802
976,-47.64084454854152,-15.615083384532339
977,-47.76181931426053,-15.647637491162186
978,-47.84092384080642,-15.637911458137388
979,-47.69437861618246,-15.608669189333337
980,-47.84841752238637,-15.671186914187151
981,-47.82768666865833,-15.711074804857686
982,-47.77886457323311,-15.779813873968594
983,-47.804310081178734,-15.661884571724231
984,-47.82982102621668,-15.65747603266296
985,-47.6580877883678,-15.678757003449322
986,-47.649966569491596,-15.6422439057697
987,-47.80612936621619,-15.646387765004041
988,-47.64915081373581,-15.676409416243338
989,-47.76273452802844,-15.645952489639416
990,-47.835464300417215,-15.684580612812546
991,-47.685642097723274,-15.601208885320629
992,-47.84870656854319,-15.665672922114767
993,-47.77910632067463,-15.643669431048737
994,-47.64538485762781,-15.619291901611117
995,-47.82330096919018,-15.647104542938473
996,-47.91629171144292,-15.587910671504838
997,-47.7990335084575,-15.657770676711293
998,-47.76069544824244,-15.64668299711349
999,-47.55508574472687,-15.786070680410305
